index,date,name,email,phone
1,04/08/2020,William Ramsey,diuh@kijobo.ye,(435) 856-8624
2,01/20/1956,Rachel McGuire,imivuto@pucritde.dz,(376) 822-5928
3,04/19/2063,Madge Christensen,di@van.sa,(304) 221-3250
4,09/10/1941,Edgar Wheeler,liw@fuetom.cz,(722) 897-3346
5,10/23/1989,Julian Walsh,wen@adimuer.eu,(465) 604-8063
6,09/15/1963,Lou Ortiz,talfewab@acaovame.mz,(631) 811-6182
7,11/22/1916,Katie Ortega,utni@di.ir,(517) 589-4913
8,01/09/1929,Cecilia Townsend,pejezni@abozac.pf,(454) 243-7036
9,01/25/1932,Jayden Rowe,cunbu@avrisizo.cl,(759) 731-2704
10,12/05/1901,Bobby Washington,ozhuvnaf@epeda.bg,(340) 276-3788
11,07/08/2025,Bill Maldonado,newoso@de.ee,(776) 852-4568
12,06/10/1992,Mary Bowen,pi@civcagiz.sd,(948) 821-7034
13,06/18/1923,Ola Fowler,mavep@gupter.sg,(938) 375-1933
14,06/02/2039,Alfred Mendoza,jah@vufpuoku.bf,(280) 212-2211
15,03/08/1997,Mina Martin,deneku@ewu.bg,(486) 555-8849
16,12/12/1930,Harold Hicks,fawopjek@batu.jo,(889) 952-7613
17,06/14/2004,Kathryn Sandoval,joarwiv@da.in,(488) 415-4275
18,06/19/2046,Dean Andrews,efeju@lehuj.na,(762) 625-7463
19,01/29/2069,Mike Vaughn,nisdijvi@zeltot.gm,(949) 839-4589
20,10/29/1988,Devin Bailey,he@ogojobwuf.gl,(462) 631-4738
21,03/23/2000,Elizabeth Daniels,tescakig@bidigbos.my,(839) 419-1328
22,06/10/1992,Mary Bowen,pi@civcagiz.sd,(948) 821-7034
23,09/17/1932,Danny Figueroa,lagpufi@piibabig.gb,(628) 382-4766
24,08/16/1909,Landon Cole,izavohu@isi.re,(763) 255-6735,30718
25,09/17/2017,Nancy Maldonado,momloz@surzawzu.com,(728) 317-7718,77653
26,10/10/1953,Warren Mack,wo@lubjipcol.wf,(731) 316-9989,40993
27,05/27/1911,Francisco Fox,sonto@borfa.ug,(550) 338-5728,09864
28,04/14/1964,Scott Hampton,cokojigu@hiptew.ar,(560) 487-5833,86082
29,09/20/2051,Johanna Ruiz,utepecsu@jif.cu,(415) 718-3670,69945
30,12/30/2029,Bernice Douglas,fecfim@sep.mz,(964) 501-2624,92333