4,01/29/2069,Mike Vaughn,nisdijvi@zeltot.gm,(949) 839-4589
7,03/23/2000,Elizabeth Daniels,tescakig@bidigbos.my,(839) 419-1328
15,06/18/1923,Ola Fowler,mavep@gupter.sg,(938) 375-1933
20,09/10/1941,Edgar Wheeler,liw@fuetom.cz,(722) 897-3346
24,01/25/1932,Jayden Rowe,cunbu@avrisizo.cl,(759) 731-2704
34,06/02/2039,Alfred Mendoza,jah@vufpuoku.bf,(280) 212-2211
35,12/05/1901,Bobby Washington,ozhuvnaf@epeda.bg,(340) 276-3788
39,04/08/2020,William Ramsey,diuh@kijobo.ye,(435) 856-8624
41,04/19/2063,Madge Christensen,di@van.sa,(304) 221-3250
46,10/23/1989,Julian Walsh,wen@adimuer.eu,(465) 604-8063

